Category,Consolidated_Top_15_Tokens
Advertising,", that, is, information, service, of, their, allows, api, for, can, a, with, developer, it"
Analytics,", is, of, service, provides, that, developer, can, information, api, their, management, data, for, user"
Application Development,", developer, api, management, for, it, of, application, is, that, can, data, format, estimate, service"
Backend,"service, of, data, , user, management, api, application, for, their, developer, provides, that, with, program"
Banking,"api, , is, their, data, of, with, allows, for, service, developer, provides, management, that, information"
Bitcoin,"api, is, of, , for, their, developer, provides, with, into, can, time, allows, service, management"
Chat,"api, is, of, that, , their, management, developer, service, can, available, ap, with, user, manage"
Cloud,", is, allows, that, application, data, service, api, platform, it, format, cloud, a, of, their"
Data,", api, is, data, user, rest, of, it, developer, can, that, this, allows, cloud, service"
Database,", is, data, allows, estimate, search, user, of, can, information, integrate, management, developer, api, json"
Domains,", is, api, that, allows, developer, for, integrate, it, service, of, with, their, web, world"
Education,"of, is, for, , search, data, api, information, integrate, access, management, into, database, their, allows"
Email,", api, is, provides, a, their, developer, of, management, that, allows, service, with, ap, it"
Enterprise,", management, service, is, user, of, data, for, integrate, api, their, allows, developer, it, access"
Entertainment,"api, is, can, of, , that, into, allows, for, their, time, it, provides, image, with"
Events,"is, , api, of, time, allows, management, provides, for, a, are, ha, developer, their, that"
File Sharing,"api, is, of, , allows, it, integrate, into, data, file, via, for, their, user, service"
Financial,"api, is, of, for, , data, provides, can, their, integrate, service, with, into, allows, management"
Games,"of, is, api, can, it, into, rest, this, , allows, time, their, developer, with, platform"
Government,"api, is, data, , for, can, service, of, rest, management, a, provides, user, access, information"
Images,", image, api, is, allows, content, can, that, search, rest, access, for, this, developer, of"
Internet of Things,", is, can, allows, api, rest, data, developer, their, of, that, integrate, into, rail, service"
Mapping,", is, can, rest, of, service, data, user, for, access, it, rail, application, their, test"
Media,", api, allows, is, image, that, content, of, their, can, a, information, format, for, access"
Medical,", is, data, api, provides, can, for, user, of, service, rest, available, integrate, allows, a"
Messaging,"is, api, of, their, with, for, service, developer, , it, available, information, access, allows, user"
Music,"api, is, for, of, time, allows, can, with, their, , image, access, it, provides, management"
News Services,"api, provides, for, with, service, is, can, are, of, , information, a, management, access, that"
Office,", is, api, management, estimate, user, integrate, of, their, image, a, can, allows, bc, it"
Other,"api, service, , provides, for, with, management, user, is, manage, developer, data, allows, of, application"
Payments,"api, is, , of, service, with, their, management, for, data, developer, provides, it, time, allows"
Photos,", is, image, api, allows, a, of, that, time, your, can, ga, service, rest, with"
Project Management,", is, for, api, integrate, management, developer, of, data, with, that, pdf, it, user, into"
Real Estate,"is, api, of, , for, can, allows, search, a, provides, their, service, management, data, location"
Reference,", is, data, of, api, for, provides, into, integrate, search, can, test, allows, world, their"
Science,", data, integrate, is, allows, into, rest, api, their, solution, user, search, provides, image, can"
Search,", is, api, search, of, can, a, allows, data, information, that, web, into, service, their"
Security,"of, , service, is, data, developer, for, api, management, user, can, provides, their, with, information"
Shipping,", is, service, api, for, of, provides, data, allows, rail, with, their, test, management, it"
Social,"api, of, , is, data, service, access, information, with, for, provides, a, their, management, developer"
Sports,"api, is, , can, time, of, for, rest, data, ap, b, that, earnings, be, are"
Stocks,", is, api, allows, provides, data, that, of, for, rest, with, service, access, their, developer"
Storage,", api, is, data, application, user, of, a, web, image, search, service, management, their, access"
Telephony,"api, is, their, with, integrate, data, of, service, , provides, can, it, that, test, information"
Tools,", developer, is, can, api, into, integrate, for, of, their, data, image, provides, user, that"
Transportation,", data, is, integrate, allows, of, rail, their, api, test, it, search, management, service, access"
Travel,"api, , rest, data, allows, is, rail, a, it, can, bc, time, earnings, provides, service"
Video,"api, is, of, allows, that, , a, their, image, time, ap, provides, with, developer, content"
Weather,"api, of, is, , can, with, for, that, rest, user, their, into, provides, information, test"
eCommerce,", is, api, allows, with, service, their, of, that, image, web, developer, data, for, time"
